epoch,time,train/box_loss,train/cls_loss,train/dfl_loss,metrics/precision(B),metrics/recall(B),metrics/mAP50(B),metrics/mAP50-95(B),val/box_loss,val/cls_loss,val/dfl_loss,lr/pg0,lr/pg1,lr/pg2
1,21.3384,2.96976,6.23843,2.42242,0.0016,0.84926,0.05957,0.01858,2.05295,5.37926,1.82892,0.00028,0.00028,0.00028
2,38.9062,2.02187,4.49276,1.61925,0.00146,0.77206,0.13557,0.05287,2.27265,5.79857,2.07626,0.000578086,0.000578086,0.000578086
3,55.7535,1.93679,3.73528,1.60474,0.24661,0.09559,0.08404,0.02853,2.33143,5.84328,2.3111,0.000874192,0.000874192,0.000874192
4,72.8932,1.91458,3.44884,1.61377,0.25011,0.01838,0.04059,0.01009,2.96244,6.26727,2.91799,0.00116832,0.00116832,0.00116832
5,90.0342,1.97233,3.07788,1.66102,0.00049,0.26103,0.00056,0.00014,3.68078,6.72341,3.46713,0.00146046,0.00146046,0.00146046
6,106.774,2.02238,2.8997,1.6991,0.0001,0.05147,6e-05,2e-05,4.98746,6.78244,20.1529,0.00175063,0.00175063,0.00175063
7,125.237,2.02825,2.7073,1.71076,0.0007,0.29412,0.00048,0.00018,nan,nan,nan,0.0019604,0.0019604,0.0019604
8,141.464,2.06671,2.73329,1.79712,0.06663,0.05147,0.00672,0.00234,3.77457,4.48793,4.23081,0.0019538,0.0019538,0.0019538
9,158.315,2.02536,2.51647,1.71817,0.09041,0.25,0.04824,0.01659,2.6455,15.1108,2.78634,0.0019472,0.0019472,0.0019472
10,174.863,1.99955,2.45383,1.71029,0.15619,0.22794,0.12094,0.04182,2.08373,8.10196,2.1076,0.0019406,0.0019406,0.0019406
11,191.69,1.95283,2.37464,1.67465,0.0001,0.01103,6e-05,2e-05,4.90327,6.68846,4.60673,0.001934,0.001934,0.001934
12,208.024,1.90276,2.36112,1.67625,0.19884,0.16912,0.08769,0.03126,2.68707,3.09567,2.48339,0.0019274,0.0019274,0.0019274
13,224.459,1.90584,2.25781,1.64424,0.39994,0.36512,0.32086,0.12893,2.11528,3.80148,1.91343,0.0019208,0.0019208,0.0019208
14,241.394,1.91366,2.21422,1.66242,0.33626,0.38971,0.25467,0.09879,2.13435,2.92544,1.97399,0.0019142,0.0019142,0.0019142
15,257.674,1.87796,2.16412,1.60611,0.29704,0.33088,0.24954,0.10608,2.0261,10.473,1.93615,0.0019076,0.0019076,0.0019076
16,274.341,1.84599,2.14457,1.61563,0.30472,0.36765,0.25004,0.09324,2.01173,5.42524,1.86398,0.001901,0.001901,0.001901
17,290.786,1.82007,2.14104,1.6105,0.38472,0.4375,0.35134,0.1488,1.81866,4.29904,1.69162,0.0018944,0.0018944,0.0018944
18,308.116,1.81977,2.13094,1.56426,0.31551,0.34926,0.23929,0.09103,2.1455,3.56094,1.92734,0.0018878,0.0018878,0.0018878
19,325.148,1.8128,2.06904,1.61239,0.37128,0.39338,0.33152,0.14153,1.81814,2.78851,1.67555,0.0018812,0.0018812,0.0018812
20,341.591,1.81337,2.09768,1.59235,0.34755,0.47981,0.32468,0.14226,1.89386,2.77621,1.69593,0.0018746,0.0018746,0.0018746
21,358.646,1.77946,2.0635,1.5361,0.29704,0.22059,0.15538,0.06456,2.13268,3.14283,1.91891,0.001868,0.001868,0.001868
22,375.063,1.76832,2.08054,1.55094,0.21452,0.26103,0.13494,0.04651,2.38348,2.7898,1.99688,0.0018614,0.0018614,0.0018614
23,391.484,1.78821,2.03194,1.55748,0.43468,0.43817,0.3718,0.15225,1.93231,2.21676,1.80022,0.0018548,0.0018548,0.0018548
24,407.525,1.72899,1.93348,1.53081,0.44131,0.36029,0.36676,0.15823,1.99807,2.17023,1.77772,0.0018482,0.0018482,0.0018482
25,424.082,1.75992,1.93273,1.53806,0.34207,0.45956,0.30779,0.11278,1.85286,3.32474,1.70121,0.0018416,0.0018416,0.0018416
26,440.785,1.75174,1.94879,1.53357,0.22706,0.34191,0.18268,0.05616,2.32516,3.78974,1.89429,0.001835,0.001835,0.001835
27,457.383,1.73014,1.9646,1.49681,0.44024,0.47426,0.41978,0.1847,1.81144,3.13237,1.66476,0.0018284,0.0018284,0.0018284
28,474.501,1.72471,1.95128,1.53518,0.46422,0.38971,0.38846,0.16669,1.83216,2.38313,1.69723,0.0018218,0.0018218,0.0018218
29,490.988,1.69487,1.90738,1.48795,0.3217,0.44462,0.31008,0.122,1.91579,2.83515,1.67958,0.0018152,0.0018152,0.0018152
30,508.135,1.74819,1.96099,1.53277,0.21975,0.30882,0.1237,0.04413,2.20018,3.02315,1.86129,0.0018086,0.0018086,0.0018086
31,524.34,1.67922,1.84791,1.46891,0.41631,0.29412,0.27588,0.10854,2.02611,3.69188,1.81182,0.001802,0.001802,0.001802
32,540.656,1.72796,1.89703,1.5112,0.45745,0.31618,0.32046,0.12799,1.98785,2.45764,1.76232,0.0017954,0.0017954,0.0017954
33,557.548,1.70356,1.89369,1.50349,0.36579,0.37868,0.27282,0.10396,2.01324,2.50416,1.81064,0.0017888,0.0017888,0.0017888
34,573.535,1.66251,1.89471,1.48229,0.53061,0.44118,0.45714,0.22207,1.78282,2.00684,1.63845,0.0017822,0.0017822,0.0017822
35,590.227,1.67667,1.95401,1.48522,0.52022,0.55882,0.51319,0.25281,1.64165,1.83785,1.50922,0.0017756,0.0017756,0.0017756
36,606.553,1.67582,1.81779,1.47013,0.5243,0.51103,0.47033,0.21266,1.76888,1.8806,1.62331,0.001769,0.001769,0.001769
37,623.446,1.64145,1.821,1.44535,0.51298,0.5,0.49073,0.22036,1.70867,1.8624,1.55581,0.0017624,0.0017624,0.0017624
38,640.185,1.66681,1.78052,1.46674,0.54629,0.47794,0.50947,0.22874,1.72866,1.92055,1.56711,0.0017558,0.0017558,0.0017558
39,656.887,1.62506,1.71912,1.44783,0.4889,0.38603,0.388,0.17661,1.90893,2.40774,1.71074,0.0017492,0.0017492,0.0017492
40,673.971,1.67111,1.80719,1.46763,0.45066,0.54289,0.45727,0.20746,1.71985,2.81796,1.59801,0.0017426,0.0017426,0.0017426
41,690.456,1.65319,1.76238,1.43888,0.50762,0.40809,0.39965,0.18139,1.80936,2.27449,1.63912,0.001736,0.001736,0.001736
42,707.388,1.64615,1.74213,1.44071,0.46329,0.5,0.39075,0.16726,1.93254,2.02008,1.66314,0.0017294,0.0017294,0.0017294
43,723.506,1.60184,1.72487,1.43763,0.47659,0.51471,0.46516,0.21611,1.72528,1.95472,1.64696,0.0017228,0.0017228,0.0017228
44,740.142,1.68879,1.7844,1.48401,0.41034,0.44853,0.34968,0.16186,1.76336,2.24382,1.67313,0.0017162,0.0017162,0.0017162
45,756.255,1.6006,1.69418,1.42001,0.51881,0.48529,0.48392,0.22301,1.75021,1.91682,1.5701,0.0017096,0.0017096,0.0017096
46,773.134,1.61598,1.69576,1.42444,0.65986,0.5,0.57476,0.27395,1.69219,1.67948,1.53336,0.001703,0.001703,0.001703
47,790.076,1.64337,1.73563,1.47694,0.53331,0.35294,0.36047,0.16332,1.87599,2.5991,1.69789,0.0016964,0.0016964,0.0016964
48,806.88,1.62063,1.6979,1.45985,0.50078,0.55882,0.5502,0.25929,1.68115,1.74458,1.54929,0.0016898,0.0016898,0.0016898
49,823.947,1.60054,1.72997,1.43017,0.3706,0.37868,0.3076,0.12736,1.94289,2.29045,1.66084,0.0016832,0.0016832,0.0016832
50,840.154,1.58457,1.70891,1.4065,0.64825,0.54882,0.57417,0.27115,1.66212,1.71813,1.53838,0.0016766,0.0016766,0.0016766
51,861.137,1.60219,1.68222,1.41031,0.65451,0.45221,0.50048,0.24977,1.69374,1.94638,1.55045,0.00167,0.00167,0.00167
52,881.827,1.58015,1.69404,1.39466,0.57009,0.43015,0.45075,0.22038,1.6792,1.96503,1.55333,0.0016634,0.0016634,0.0016634
53,898.284,1.59406,1.68584,1.40892,0.55422,0.55306,0.54631,0.26134,1.6059,1.69602,1.48672,0.0016568,0.0016568,0.0016568
54,915.639,1.55527,1.62776,1.38459,0.5448,0.48529,0.40746,0.18877,1.79769,1.94298,1.60054,0.0016502,0.0016502,0.0016502
55,933.267,1.56135,1.71548,1.3876,0.59636,0.56618,0.56476,0.27348,1.70425,1.73417,1.50979,0.0016436,0.0016436,0.0016436
56,949.83,1.58813,1.65935,1.41982,0.57262,0.58456,0.54802,0.26456,1.62997,1.83021,1.51404,0.001637,0.001637,0.001637
57,967.227,1.58567,1.66063,1.40649,0.63948,0.54778,0.58419,0.27839,1.69077,1.60332,1.54926,0.0016304,0.0016304,0.0016304
58,987.937,1.56041,1.59458,1.38901,0.57604,0.61942,0.57764,0.25263,1.77137,1.69806,1.544,0.0016238,0.0016238,0.0016238
59,1005.3,1.56818,1.63176,1.39161,0.54839,0.56985,0.55536,0.24987,1.77631,1.9328,1.58561,0.0016172,0.0016172,0.0016172
60,1021.78,1.55502,1.6021,1.38084,0.49675,0.53708,0.48389,0.23895,1.79975,1.76725,1.65168,0.0016106,0.0016106,0.0016106
61,1038.43,1.51728,1.58309,1.35787,0.58982,0.52866,0.55904,0.28259,1.68966,1.64421,1.54829,0.001604,0.001604,0.001604
62,1055.54,1.52663,1.59456,1.37405,0.62324,0.60294,0.57602,0.28302,1.66889,1.66157,1.52033,0.0015974,0.0015974,0.0015974
63,1073.85,1.57118,1.60589,1.39332,0.64419,0.60662,0.63109,0.29123,1.67395,1.74182,1.53679,0.0015908,0.0015908,0.0015908
64,1090.84,1.53343,1.59403,1.36665,0.54417,0.60662,0.55999,0.26926,1.68632,1.69549,1.51894,0.0015842,0.0015842,0.0015842
65,1106.88,1.53341,1.61643,1.37065,0.63812,0.60662,0.6379,0.3153,1.63242,1.60183,1.46078,0.0015776,0.0015776,0.0015776
66,1122.83,1.5174,1.57691,1.36383,0.469,0.49265,0.41729,0.18245,1.82969,1.92364,1.61049,0.001571,0.001571,0.001571
67,1139.15,1.51333,1.54167,1.34193,0.5514,0.61029,0.55802,0.28298,1.65285,1.64525,1.50296,0.0015644,0.0015644,0.0015644
68,1154.8,1.53531,1.53758,1.37142,0.47598,0.44853,0.41432,0.18221,1.98945,1.99299,1.71609,0.0015578,0.0015578,0.0015578
69,1170.62,1.50597,1.56838,1.34333,0.41047,0.53676,0.39932,0.17897,1.80028,1.96006,1.5596,0.0015512,0.0015512,0.0015512
70,1186.18,1.49593,1.61606,1.35562,0.52666,0.53178,0.48702,0.23006,1.80663,1.78237,1.62046,0.0015446,0.0015446,0.0015446
71,1202.24,1.54065,1.55581,1.37127,0.59163,0.54044,0.52724,0.242,1.73262,1.87437,1.54301,0.001538,0.001538,0.001538
72,1217.92,1.49768,1.536,1.35627,0.57984,0.56618,0.54735,0.26024,1.73977,1.75887,1.55284,0.0015314,0.0015314,0.0015314
73,1233.77,1.5182,1.5821,1.34812,0.60047,0.56985,0.59187,0.30604,1.55456,1.61268,1.44404,0.0015248,0.0015248,0.0015248
74,1249.57,1.53245,1.57712,1.34131,0.59894,0.60662,0.60287,0.30596,1.61893,1.63141,1.47636,0.0015182,0.0015182,0.0015182
75,1265.07,1.51977,1.54172,1.3454,0.57579,0.58884,0.59105,0.2805,1.68995,1.73205,1.50577,0.0015116,0.0015116,0.0015116
76,1281.11,1.45746,1.5304,1.33315,0.61512,0.59926,0.61501,0.30231,1.64885,1.51444,1.50467,0.001505,0.001505,0.001505
77,1297.54,1.46023,1.49637,1.32677,0.57251,0.65978,0.60361,0.30738,1.56091,1.51599,1.43993,0.0014984,0.0014984,0.0014984
78,1314.06,1.48899,1.54411,1.34479,0.63986,0.63971,0.62693,0.31659,1.63447,1.54791,1.47277,0.0014918,0.0014918,0.0014918
79,1329.98,1.47824,1.47363,1.32034,0.65791,0.67279,0.6257,0.31788,1.57563,1.51777,1.46443,0.0014852,0.0014852,0.0014852
80,1346.05,1.47774,1.48153,1.32374,0.63468,0.52574,0.58211,0.30619,1.66951,1.6083,1.52054,0.0014786,0.0014786,0.0014786
81,1362.17,1.51738,1.50263,1.34913,0.55663,0.63603,0.54261,0.27241,1.6207,1.64965,1.49963,0.001472,0.001472,0.001472
82,1379.03,1.47679,1.51564,1.3277,0.61124,0.57226,0.56458,0.29352,1.71265,1.69353,1.55616,0.0014654,0.0014654,0.0014654
83,1395.62,1.49994,1.47704,1.33196,0.52443,0.66544,0.56532,0.28713,1.7082,1.51841,1.53815,0.0014588,0.0014588,0.0014588
84,1411.88,1.5138,1.54664,1.35379,0.58877,0.63603,0.60303,0.31432,1.62934,1.58705,1.49679,0.0014522,0.0014522,0.0014522
85,1428.35,1.4822,1.45095,1.32031,0.68456,0.47794,0.52696,0.2629,1.76687,1.81664,1.60261,0.0014456,0.0014456,0.0014456
86,1446.28,1.48047,1.49044,1.33591,0.60233,0.58471,0.60019,0.28127,1.7345,1.58961,1.54269,0.001439,0.001439,0.001439
87,1464.62,1.44159,1.43867,1.30618,0.59912,0.57721,0.56595,0.29426,1.65826,1.57717,1.49337,0.0014324,0.0014324,0.0014324
88,1484,1.43037,1.47662,1.31337,0.57554,0.69485,0.59224,0.3185,1.52012,1.51389,1.45188,0.0014258,0.0014258,0.0014258
89,1500.1,1.43528,1.44002,1.29798,0.59593,0.60186,0.59463,0.29854,1.60972,1.63328,1.49248,0.0014192,0.0014192,0.0014192
90,1516.57,1.45596,1.42074,1.32857,0.62878,0.48529,0.54806,0.27887,1.69967,1.73531,1.55105,0.0014126,0.0014126,0.0014126
91,1532.69,1.43222,1.45949,1.30422,0.55063,0.58824,0.57024,0.28306,1.67304,1.61207,1.54021,0.001406,0.001406,0.001406
92,1549.2,1.4694,1.46853,1.31864,0.64537,0.66237,0.68614,0.36057,1.53293,1.43926,1.44468,0.0013994,0.0013994,0.0013994
93,1565.18,1.45891,1.43083,1.31928,0.63384,0.59191,0.59953,0.32673,1.61171,1.50769,1.46735,0.0013928,0.0013928,0.0013928
94,1581.61,1.48812,1.40628,1.30127,0.62293,0.59926,0.58925,0.31865,1.58248,1.61872,1.49094,0.0013862,0.0013862,0.0013862
95,1598.17,1.44873,1.4384,1.30844,0.69768,0.5,0.60217,0.31696,1.63509,1.58189,1.52331,0.0013796,0.0013796,0.0013796
96,1614.21,1.45625,1.4286,1.31356,0.68885,0.66743,0.67894,0.35218,1.5897,1.4158,1.46468,0.001373,0.001373,0.001373
97,1630.69,1.42033,1.36362,1.29963,0.57268,0.63603,0.57374,0.2714,1.65303,1.5783,1.49828,0.0013664,0.0013664,0.0013664
98,1646.69,1.46058,1.41275,1.31515,0.6926,0.60294,0.62567,0.32001,1.59627,1.44708,1.52401,0.0013598,0.0013598,0.0013598
99,1663.17,1.47914,1.43607,1.31154,0.52152,0.65317,0.58156,0.28243,1.65827,1.51855,1.52908,0.0013532,0.0013532,0.0013532
100,1679.3,1.46648,1.46131,1.32372,0.59613,0.60778,0.58437,0.30489,1.58724,1.52683,1.49765,0.0013466,0.0013466,0.0013466
101,1695.98,1.44991,1.44269,1.3176,0.63352,0.61765,0.62294,0.33217,1.60926,1.46128,1.50274,0.00134,0.00134,0.00134
102,1712.37,1.46951,1.42833,1.32078,0.53085,0.65441,0.53097,0.25457,1.71403,1.58888,1.55597,0.0013334,0.0013334,0.0013334
103,1728.44,1.44186,1.41233,1.30359,0.59745,0.58088,0.57371,0.27354,1.78357,1.64133,1.63032,0.0013268,0.0013268,0.0013268
104,1744.98,1.43994,1.42128,1.31554,0.7146,0.65074,0.6656,0.35541,1.52576,1.40862,1.42881,0.0013202,0.0013202,0.0013202
105,1761.12,1.39218,1.36934,1.25538,0.66564,0.58456,0.58964,0.31283,1.65634,1.5135,1.51954,0.0013136,0.0013136,0.0013136
106,1777.65,1.40476,1.36222,1.26022,0.63829,0.69118,0.62441,0.31233,1.58939,1.39454,1.44829,0.001307,0.001307,0.001307
107,1793.87,1.37475,1.35016,1.25493,0.61058,0.67279,0.64794,0.3187,1.63843,1.50933,1.41794,0.0013004,0.0013004,0.0013004
108,1810.38,1.4114,1.43131,1.28914,0.60589,0.63235,0.60365,0.29234,1.64647,1.53914,1.44949,0.0012938,0.0012938,0.0012938
109,1826.87,1.4251,1.36974,1.28532,0.6737,0.60725,0.6541,0.34307,1.64392,1.46079,1.48729,0.0012872,0.0012872,0.0012872
110,1843.04,1.4348,1.38049,1.28397,0.71557,0.64338,0.66463,0.34534,1.60114,1.42619,1.45175,0.0012806,0.0012806,0.0012806
111,1859.88,1.38341,1.36176,1.23929,0.70889,0.64338,0.67576,0.35049,1.60121,1.39269,1.48763,0.001274,0.001274,0.001274
112,1875.75,1.41583,1.3856,1.28786,0.72898,0.61765,0.67192,0.35274,1.57944,1.35479,1.48012,0.0012674,0.0012674,0.0012674
113,1892.29,1.39782,1.37318,1.27646,0.63343,0.66912,0.61143,0.30558,1.68001,1.4591,1.51532,0.0012608,0.0012608,0.0012608
114,1908.62,1.43013,1.34298,1.27433,0.53335,0.59191,0.54642,0.27924,1.70741,1.60297,1.56171,0.0012542,0.0012542,0.0012542
115,1925.05,1.37979,1.33704,1.26913,0.59424,0.47381,0.46489,0.24038,1.81397,1.99208,1.65248,0.0012476,0.0012476,0.0012476
116,1941.94,1.40187,1.29973,1.25927,0.67444,0.61029,0.61211,0.32736,1.59281,1.40817,1.47763,0.001241,0.001241,0.001241
117,1957.94,1.38519,1.32364,1.26483,0.67012,0.66912,0.66855,0.35767,1.57506,1.35869,1.4709,0.0012344,0.0012344,0.0012344
118,1975.81,1.37678,1.33543,1.24775,0.63845,0.61397,0.62087,0.34121,1.57186,1.4703,1.46193,0.0012278,0.0012278,0.0012278
119,1993.59,1.39566,1.29219,1.26762,0.57438,0.71446,0.64243,0.3419,1.55761,1.40675,1.44529,0.0012212,0.0012212,0.0012212
120,2010.36,1.36895,1.28106,1.25123,0.63619,0.68791,0.69089,0.381,1.55558,1.36361,1.42681,0.0012146,0.0012146,0.0012146
121,2026.49,1.38765,1.29326,1.28405,0.65858,0.65441,0.65868,0.35008,1.52286,1.41893,1.4045,0.001208,0.001208,0.001208
122,2043.26,1.36881,1.30113,1.24009,0.70272,0.63603,0.64389,0.32385,1.61897,1.36945,1.46331,0.0012014,0.0012014,0.0012014
123,2059.89,1.4107,1.36194,1.27195,0.68098,0.66708,0.67547,0.35572,1.57294,1.3033,1.47049,0.0011948,0.0011948,0.0011948
124,2076.43,1.37664,1.29052,1.24287,0.68105,0.61233,0.62501,0.32592,1.63278,1.43929,1.50116,0.0011882,0.0011882,0.0011882
125,2092.87,1.35928,1.32418,1.23811,0.6216,0.65441,0.62582,0.3339,1.57339,1.46663,1.45968,0.0011816,0.0011816,0.0011816
126,2110.08,1.37418,1.29809,1.24245,0.67384,0.68382,0.66624,0.35568,1.52904,1.38127,1.47534,0.001175,0.001175,0.001175
127,2127.79,1.38103,1.31061,1.2582,0.63512,0.70395,0.67966,0.37571,1.57444,1.32742,1.46812,0.0011684,0.0011684,0.0011684
128,2144.26,1.38706,1.30146,1.25485,0.66686,0.67706,0.65674,0.35306,1.58352,1.30431,1.49417,0.0011618,0.0011618,0.0011618
129,2160.83,1.36882,1.28271,1.26154,0.73263,0.65441,0.68263,0.37228,1.51339,1.31077,1.44154,0.0011552,0.0011552,0.0011552
130,2177.12,1.37514,1.28943,1.235,0.65554,0.68568,0.64053,0.34822,1.57248,1.34272,1.45037,0.0011486,0.0011486,0.0011486
131,2197.48,1.38297,1.30167,1.24389,0.62273,0.68573,0.66346,0.33593,1.61675,1.38497,1.48473,0.001142,0.001142,0.001142
132,2214.16,1.35639,1.31604,1.26066,0.67331,0.63971,0.63058,0.33158,1.58814,1.48171,1.47357,0.0011354,0.0011354,0.0011354
133,2233.87,1.37069,1.26657,1.24844,0.64808,0.70956,0.69223,0.38337,1.56317,1.27358,1.43972,0.0011288,0.0011288,0.0011288
134,2250.39,1.33767,1.2812,1.24228,0.66295,0.70221,0.69911,0.3755,1.54965,1.32822,1.38709,0.0011222,0.0011222,0.0011222
135,2270.43,1.35626,1.26958,1.23906,0.66483,0.70588,0.69233,0.36356,1.56825,1.32142,1.44307,0.0011156,0.0011156,0.0011156
136,2286.72,1.36536,1.35222,1.24606,0.60868,0.75368,0.65695,0.35568,1.56448,1.31486,1.44325,0.001109,0.001109,0.001109
137,2306.72,1.33309,1.22272,1.22515,0.63827,0.66544,0.62996,0.33641,1.62146,1.32511,1.53479,0.0011024,0.0011024,0.0011024
138,2323.12,1.3232,1.22999,1.22904,0.66305,0.64338,0.65182,0.32272,1.6772,1.52172,1.53822,0.0010958,0.0010958,0.0010958
139,2339.38,1.3145,1.19479,1.19891,0.64948,0.68122,0.67788,0.36877,1.57607,1.31168,1.45152,0.0010892,0.0010892,0.0010892
140,2356.07,1.35375,1.20223,1.22573,0.79353,0.59926,0.71876,0.38306,1.61659,1.31174,1.46095,0.0010826,0.0010826,0.0010826
141,2376.5,1.34255,1.27437,1.23071,0.67265,0.69853,0.67669,0.37456,1.54491,1.295,1.41955,0.001076,0.001076,0.001076
142,2393.52,1.30926,1.17883,1.19412,0.72733,0.67647,0.74684,0.4053,1.55881,1.24865,1.39828,0.0010694,0.0010694,0.0010694
143,2410.46,1.31962,1.19774,1.21032,0.65218,0.74632,0.68081,0.37134,1.51349,1.28729,1.39806,0.0010628,0.0010628,0.0010628
144,2426.81,1.35834,1.20177,1.22406,0.68781,0.65609,0.65323,0.3561,1.54506,1.31413,1.40656,0.0010562,0.0010562,0.0010562
145,2443.28,1.3194,1.16801,1.1941,0.6049,0.65441,0.62213,0.31793,1.60377,1.42388,1.46434,0.0010496,0.0010496,0.0010496
146,2459.9,1.34963,1.21317,1.21249,0.69735,0.63971,0.68148,0.36349,1.59643,1.33498,1.46897,0.001043,0.001043,0.001043
147,2476.36,1.37081,1.20138,1.22518,0.67675,0.68015,0.65896,0.34697,1.56298,1.31824,1.45596,0.0010364,0.0010364,0.0010364
148,2492.81,1.30856,1.23276,1.2279,0.68812,0.69485,0.67384,0.3484,1.59505,1.32366,1.50255,0.0010298,0.0010298,0.0010298
149,2509.31,1.31253,1.1771,1.22285,0.67156,0.69485,0.71266,0.37893,1.57361,1.2854,1.45364,0.0010232,0.0010232,0.0010232
150,2525.97,1.28125,1.17421,1.21066,0.73076,0.64706,0.71218,0.39878,1.50334,1.25687,1.40763,0.0010166,0.0010166,0.0010166
151,2541.97,1.29012,1.18002,1.20317,0.72837,0.64338,0.66986,0.37628,1.53697,1.3317,1.4107,0.00101,0.00101,0.00101
152,2558.47,1.31253,1.20234,1.193,0.70432,0.70221,0.70684,0.39479,1.52877,1.26328,1.39982,0.0010034,0.0010034,0.0010034
153,2574.33,1.28483,1.20013,1.20647,0.74614,0.65914,0.69678,0.38335,1.5623,1.25706,1.43779,0.0009968,0.0009968,0.0009968
154,2590.66,1.29466,1.18342,1.20044,0.72206,0.72587,0.68633,0.3911,1.5261,1.22791,1.43042,0.0009902,0.0009902,0.0009902
155,2606.84,1.31809,1.24847,1.20699,0.61092,0.73313,0.69715,0.39082,1.54243,1.25597,1.42832,0.0009836,0.0009836,0.0009836
156,2623.43,1.30032,1.19515,1.20562,0.6644,0.60662,0.66845,0.33684,1.68656,1.38224,1.51716,0.000977,0.000977,0.000977
157,2640.19,1.34137,1.18019,1.20595,0.7044,0.69211,0.68763,0.36905,1.57537,1.23574,1.44238,0.0009704,0.0009704,0.0009704
158,2656.11,1.2913,1.16413,1.18359,0.64982,0.71324,0.66905,0.3607,1.58267,1.28162,1.44602,0.0009638,0.0009638,0.0009638
159,2676.4,1.27478,1.17565,1.19699,0.72102,0.63603,0.67916,0.37207,1.57007,1.36503,1.45592,0.0009572,0.0009572,0.0009572
160,2692.88,1.28962,1.13702,1.17888,0.71963,0.67279,0.69339,0.38815,1.5417,1.27051,1.41837,0.0009506,0.0009506,0.0009506
161,2709.75,1.29282,1.1322,1.19928,0.6896,0.66978,0.66126,0.35223,1.61744,1.32857,1.47611,0.000944,0.000944,0.000944
162,2725.68,1.31792,1.19721,1.20246,0.71585,0.62132,0.6684,0.36401,1.5933,1.32101,1.49664,0.0009374,0.0009374,0.0009374
163,2742.62,1.29665,1.14542,1.19948,0.71704,0.65216,0.68362,0.36658,1.59059,1.29019,1.46974,0.0009308,0.0009308,0.0009308
164,2759.15,1.30654,1.21615,1.20365,0.70978,0.6875,0.69156,0.37251,1.5873,1.25302,1.45762,0.0009242,0.0009242,0.0009242
165,2775.53,1.30829,1.18843,1.21802,0.68914,0.68463,0.67269,0.3644,1.5959,1.2985,1.46852,0.0009176,0.0009176,0.0009176
166,2792.05,1.23296,1.145,1.17443,0.65645,0.70588,0.68101,0.36232,1.63058,1.29478,1.48579,0.000911,0.000911,0.000911
167,2812.21,1.26239,1.16238,1.15669,0.67091,0.67457,0.67387,0.37205,1.5642,1.293,1.41606,0.0009044,0.0009044,0.0009044
168,2828.96,1.27711,1.11108,1.18152,0.70743,0.67279,0.6739,0.36187,1.56352,1.23192,1.43376,0.0008978,0.0008978,0.0008978
169,2845.48,1.27282,1.13934,1.17634,0.6884,0.66544,0.65448,0.34381,1.57752,1.31531,1.46675,0.0008912,0.0008912,0.0008912
170,2861.98,1.27047,1.12004,1.18671,0.69591,0.70221,0.69043,0.36581,1.62512,1.2725,1.52164,0.0008846,0.0008846,0.0008846
171,2879.03,1.24968,1.09607,1.18892,0.6944,0.71324,0.70199,0.37691,1.60213,1.24359,1.51727,0.000878,0.000878,0.000878
172,2895.5,1.26781,1.14005,1.18684,0.69017,0.65441,0.65492,0.35651,1.58822,1.31795,1.47564,0.0008714,0.0008714,0.0008714
173,2912.57,1.28471,1.12985,1.20374,0.78958,0.67597,0.72041,0.38518,1.58729,1.23737,1.46607,0.0008648,0.0008648,0.0008648
174,2928.93,1.22255,1.07674,1.16749,0.75982,0.64706,0.683,0.36529,1.61696,1.27261,1.52267,0.0008582,0.0008582,0.0008582
175,2949.16,1.21534,1.0902,1.16599,0.67188,0.69118,0.66001,0.34279,1.62163,1.30052,1.50539,0.0008516,0.0008516,0.0008516
176,2965.44,1.26497,1.13315,1.17354,0.6836,0.72794,0.70678,0.37259,1.55731,1.23573,1.41911,0.000845,0.000845,0.000845
177,2981.69,1.25171,1.06566,1.16706,0.68624,0.76103,0.72668,0.37949,1.59444,1.23625,1.44613,0.0008384,0.0008384,0.0008384
178,2998.78,1.23883,1.15078,1.18254,0.72166,0.77208,0.72537,0.38337,1.53307,1.19301,1.41198,0.0008318,0.0008318,0.0008318
179,3015.26,1.26057,1.09192,1.16749,0.72281,0.70221,0.71601,0.39068,1.55221,1.20233,1.42301,0.0008252,0.0008252,0.0008252
180,3031.22,1.24537,1.07775,1.17185,0.67088,0.70588,0.70172,0.37854,1.60187,1.29324,1.44979,0.0008186,0.0008186,0.0008186
181,3047.29,1.2695,1.14585,1.17421,0.7696,0.65086,0.71885,0.39876,1.50991,1.1778,1.41769,0.000812,0.000812,0.000812
182,3063.74,1.25982,1.12097,1.19619,0.66373,0.68015,0.68012,0.37102,1.60216,1.31858,1.45097,0.0008054,0.0008054,0.0008054
183,3080.21,1.23025,1.0889,1.15531,0.71807,0.72426,0.68844,0.38119,1.48241,1.20529,1.36923,0.0007988,0.0007988,0.0007988
184,3096.43,1.23236,1.07738,1.1664,0.69204,0.69853,0.69047,0.38857,1.54932,1.29034,1.41337,0.0007922,0.0007922,0.0007922
185,3112.55,1.23547,1.07099,1.16353,0.6599,0.73529,0.71023,0.39254,1.50196,1.25505,1.39355,0.0007856,0.0007856,0.0007856
186,3128.63,1.24278,1.08719,1.18447,0.73983,0.62868,0.65902,0.3466,1.60237,1.34427,1.51096,0.000779,0.000779,0.000779
187,3145.7,1.24808,1.02658,1.14529,0.67571,0.72775,0.69686,0.38222,1.57267,1.26178,1.45629,0.0007724,0.0007724,0.0007724
188,3161.61,1.2601,1.06902,1.15128,0.66196,0.73435,0.69919,0.38985,1.51525,1.26136,1.41337,0.0007658,0.0007658,0.0007658
189,3178.07,1.18243,1.06384,1.14557,0.71026,0.73001,0.68076,0.36004,1.55751,1.28929,1.49287,0.0007592,0.0007592,0.0007592
190,3194.09,1.22394,1.04807,1.15333,0.69153,0.68408,0.72549,0.39688,1.57485,1.24849,1.42044,0.0007526,0.0007526,0.0007526
191,3211.63,1.23242,1.07584,1.15566,0.69118,0.63358,0.65845,0.34736,1.62599,1.36581,1.48741,0.000746,0.000746,0.000746
192,3228.1,1.18104,1.04399,1.12493,0.69458,0.62708,0.66374,0.3713,1.51874,1.29766,1.40756,0.0007394,0.0007394,0.0007394
